ID,RA,DEC,CLASS_STAR,ELLIPTICITY,ELONGATION,FLUX_RADIUS,FWHM,ISOarea,KRON_RADIUS,MU_MAX,A,u_auto,e_u_auto,J0378_auto,e_J0378_auto,J0395_auto,e_J0395_auto,J0410_auto,e_J0410_auto,J0430_auto,e_J0430_auto,g_auto,e_g_auto,J0515_auto,e_J0515_auto,r_auto,e_r_auto,r_aper_6,r_petro,J0660_auto,e_J0660_auto,i_auto,e_i_auto,J0861_auto,e_J0861_auto,z_auto,e_z_auto,Label
iDR3.SPLUS-s26s32.024055,49.53648360434142,-33.53224968400424,0.34680358,0.38265204,1.6198319,"[-0.18031439,-0.450786,-0.63110036,-0.8114147]",0.0,0.0,0.0,18.937672,0.7444654,22.89127,1.317351,22.613598,1.5885984,99.0,20.218988,25.168785,25.922613,22.07398,1.4370953,99.0,21.540142,99.0,20.105696,23.33542,1.4544889,23.740541,23.151297,99.0,21.64573,22.543568,0.90131015,21.494452,0.7337353,22.559708,1.6210557,0
iDR3.SPLUS-s26s32.024314,50.21945972359006,-33.52594988098115,0.061575893,0.5018004,2.007228,"[-0.8106375,-2.0265937,-2.8372312,-3.6478684]",5.6282454,2.0,0.0,18.363138,1.3385881,99.0,21.322935,99.0,21.004707,21.384565,1.5216796,21.083458,1.0972799,99.0,20.543228,25.42367,22.045357,99.0,20.105696,22.61477,1.3687848,22.576855,22.330393,99.0,21.64573,99.0,21.615364,99.0,20.704803,99.0,21.080645,0
iDR3.SPLUS-s26s32.025189,49.20091779806179,-33.49924952411071,0.3471882,0.61251307,2.580732,"[0.,0.,0.,0.]",0.0,0.0,0.0,18.691534,0.8027318,99.0,21.322935,99.0,21.004707,21.131006,0.61552817,21.181019,0.6615609,21.875364,1.1931062,24.384716,4.6412163,99.0,20.105696,24.041061,2.7288046,22.447355,24.615002,21.706045,0.35451162,24.670555,6.3126707,99.0,20.704803,99.0,21.080645,0
iDR3.SPLUS-s26s32.025237,50.20497585921746,-33.50093444932921,0.3473272,0.023885667,1.0244702,"[0.,0.,0.,0.]",0.0,0.0,0.0,18.645218,0.5057042,99.0,21.322935,21.557175,0.6431537,99.0,20.218988,99.0,20.354605,99.0,20.543228,22.313698,0.7191453,20.8281,0.615037,24.864082,6.1881194,99.0,23.635794,23.772118,2.5065544,99.0,21.615364,99.0,20.704803,99.0,21.080645,0
iDR3.SPLUS-s26s32.025312,49.18419009143184,-33.49569938449966,0.34686527,0.60437113,2.5276215,"[0.,0.,0.,0.]",0.0,0.0,0.0,18.873178,0.79429847,24.475985,4.921428,21.469461,0.48627377,99.0,20.218988,99.0,20.354605,99.0,20.543228,99.0,21.540142,20.96095,0.6365532,23.882862,2.2409546,24.86572,99.0,99.0,21.64573,23.191917,1.5356534,22.541803,1.7762529,99.0,21.080645,0
iDR3.SPLUS-s26s32.025330,49.182550663999606,-33.49507416625535,0.039561857,0.44242358,1.793476,"[,-5.0086923,-12.52173,-17.530422,-22.539114]",0.0,0.0,0.0,18.734833,1.2906972,21.338785,0.64221984,21.6181,1.2917585,19.730272,0.36367008,19.98761,0.48952514,19.929749,0.4435591,21.788336,0.94727266,22.386976,5.464085,22.246187,1.1619945,22.532919,22.24179,99.0,21.64573,99.0,21.615364,99.0,20.704803,99.0,21.080645,0
iDR3.SPLUS-s26s32.025708,49.18116944359896,-33.4845783676756,0.32709372,0.32774895,1.4875395,"[,-4.2722096,-10.680524,-14.952733,-19.224941]",7.2125444,1.0,0.0,18.087866,1.4722549,27.060516,114.75091,20.23461,0.3352399,19.92384,0.40066501,22.499119,4.539472,21.910685,2.5232599,22.994911,2.6511602,21.086637,1.5241922,22.166065,0.99538714,22.148714,22.257315,20.531378,0.24570301,22.62687,1.9682807,99.0,20.704803,99.0,21.080645,0
iDR3.SPLUS-s26s32.026768,49.18303146297964,-33.45415190637635,0.04708526,0.21461129,1.2732549,"[0.,0.,0.,0.]",4.4172177,2.0,0.0,18.43794,0.84072703,22.450603,0.7879042,29.297438,668.26086,21.427406,0.76350945,20.828354,0.47087252,22.706509,2.510412,22.567133,0.8561531,99.0,20.105696,22.956306,0.9852438,22.798212,22.939611,99.0,21.64573,99.0,21.615364,99.0,20.704803,23.082754,2.5031765,0
iDR3.SPLUS-s26s32.003163,49.34171694044243,-34.174362598107976,0.34714976,0.7458643,3.9349046,"[-0.2687686,-0.6719215,-0.9406901,-1.2094587]",0.0,0.0,0.0,18.706438,1.1359088,99.0,21.322935,99.0,21.004707,22.608614,2.2491457,99.0,20.354605,21.952147,1.215113,99.0,21.540142,99.0,20.105696,23.903336,2.2589734,24.41896,22.36392,99.0,21.64573,24.611828,5.671106,21.67981,0.8130979,24.618847,10.082354,0
iDR3.SPLUS-s26s32.027134,49.1858098350401,-33.44277927242589,0.3821581,0.52622163,2.1106913,"[-0.7870546,-1.9676366,-2.7546911,-3.5417457]",0.0,0.0,0.0,18.523197,1.5061028,99.0,21.322935,22.331127,2.1588955,20.841108,0.873076,99.0,20.354605,21.227604,1.2687634,22.101099,1.0974743,22.338526,4.5402827,21.643656,0.5800957,21.812613,21.83474,21.489588,0.55729616,22.525532,1.6905749,20.21648,0.42562553,99.0,21.080645,0
iDR3.SPLUS-s26s32.027196,49.18261740889584,-33.44056166961792,0.017775234,0.60522985,2.53312,"[-1.2020963,-3.005241,-4.207337,-5.4094334]",6.6882796,3.0,0.0,18.2324,1.7829425,20.940327,0.49932134,20.779009,0.6700001,19.583155,0.3559407,19.559574,0.37115493,21.470146,2.0494068,21.85301,1.1292082,99.0,20.105696,21.759274,0.833691,22.513239,22.79439,21.593573,0.79216,99.0,21.615364,21.709837,2.1715317,99.0,21.080645,0
iDR3.SPLUS-s26s32.027977,49.18042690414836,-33.41677685017985,0.04089803,0.6557698,2.9050329,"[-0.38474742,-0.9618685,-1.3466159,-1.7313633]",0.0,1.0,0.0,18.431879,1.2882926,22.425785,0.8418407,99.0,21.004707,22.148024,1.6129428,20.857117,0.52774453,23.277979,4.643601,23.394876,2.003298,20.849117,0.64635235,22.875809,1.0005957,22.926607,23.259312,21.688993,0.37329155,99.0,21.615364,99.0,20.704803,23.256628,3.2135901,0
iDR3.SPLUS-s26s32.028136,50.18413755818072,-33.41484579558085,0.04081283,0.27134186,1.3723856,"[-1.4666367,-3.6665916,-5.1332283,-6.599865]",0.0,1.0,0.0,18.387972,0.90348506,99.0,21.322935,99.0,21.004707,99.0,20.218988,21.39521,1.220079,22.646164,3.681003,99.0,21.540142,20.933756,0.98423284,22.58777,1.1137025,22.263126,23.156626,23.38469,2.5651953,99.0,21.615364,99.0,20.704803,99.0,21.080645,0
iDR3.SPLUS-s26s32.004189,49.33236374681014,-34.143677866852364,0.43751687,0.022920191,1.0234578,"[0.,0.,0.,0.]",0.0,1.0,0.0,18.363293,0.5052706,23.744986,2.3661942,23.557028,3.0981896,23.485891,4.6133547,23.43011,4.5284834,22.809755,2.446041,22.370771,0.63398,26.302261,78.38733,24.019358,2.3023288,22.965893,25.64068,25.748945,12.515479,99.0,21.615364,22.150723,1.1479506,99.0,21.080645,0
iDR3.SPLUS-s26s32.004797,49.76932475612816,-34.12736853821178,0.34690553,0.40103853,1.6695565,"[-0.22504197,-0.5626049,-0.7876469,-1.0126889]",0.0,0.0,0.0,18.839756,0.7574129,99.0,21.322935,22.581501,1.4925143,23.017927,3.541748,21.521439,0.90783495,99.0,20.543228,99.0,21.540142,99.0,20.105696,22.729914,0.83059144,22.405975,22.45903,99.0,21.64573,23.571575,2.3285096,99.0,20.704803,99.0,21.080645,0
iDR3.SPLUS-s26s32.005006,49.20492732480499,-34.11862836666632,0.3467129,0.6800551,3.125538,"[,-2.2795541,-5.6988854,-7.9784393,-10.257994]",0.0,0.0,0.0,19.094694,1.1039217,23.98497,3.9114194,99.0,21.004707,21.411045,0.9102089,21.300377,0.8649176,99.0,20.543228,99.0,21.540142,99.0,20.105696,23.125303,1.3672925,22.9865,23.0051,22.663689,0.99005973,99.0,21.615364,23.28061,4.3574133,99.0,21.080645,0
iDR3.SPLUS-s26s32.005032,50.72677026791855,-34.1188040182498,0.34711507,0.38215125,1.6185191,"[0.,0.,0.,0.]",0.0,0.0,0.0,18.720884,0.8086769,21.734898,0.5508102,99.0,21.004707,19.951345,0.26795778,17.25478,0.026718838,21.075752,0.73122984,99.0,21.540142,99.0,20.105696,22.239185,0.65547985,22.153313,21.73526,21.75934,0.4672685,22.75547,1.3738679,21.93082,1.3821791,99.0,21.080645,0
iDR3.SPLUS-s26s32.005045,50.814457934971706,-34.11808333760925,0.34833097,0.14749867,1.1730187,"[0.,0.,0.,0.]",0.0,0.0,0.0,18.460892,0.7521107,22.1334,0.8811462,21.274609,0.6238931,21.032932,0.79420626,21.320164,1.0718012,22.768658,3.8763297,24.199654,5.6048117,99.0,20.105696,22.860239,1.2923316,23.349958,22.928827,22.804508,1.3586526,99.0,21.615364,99.0,20.704803,25.136911,24.53167,0
iDR3.SPLUS-s26s32.005224,49.42503815445238,-34.11320278068251,0.03608812,0.12850523,1.1474538,"[,-3.4600663,-8.650166,-12.110232,-15.570298]",7.8912325,1.0,0.0,18.388618,1.413623,99.0,21.322935,21.67937,1.705274,99.0,20.218988,99.0,20.354605,99.0,20.543228,99.0,21.540142,22.867668,10.225248,21.61253,0.77640307,22.06642,21.792995,99.0,21.64573,99.0,21.615364,99.0,20.704803,99.0,21.080645,0
iDR3.SPLUS-s26s32.029334,50.1990285972709,-33.379491103826275,0.0027893092,0.85438156,6.867261,"[,-7.155549,-17.888872,-25.044422,-32.19997]",11.504669,1.0,0.0,18.598398,5.0312037,20.792416,0.7767644,99.0,21.004707,99.0,20.218988,19.127419,0.39763466,20.565718,1.4248427,99.0,21.540142,19.865828,0.96450084,22.945395,4.067475,22.360796,99.0,20.606512,0.5227934,99.0,21.615364,99.0,20.704803,20.410059,0.8853775,0
iDR3.SPLUS-s26s32.005384,49.73510011639485,-34.10888057268162,0.21486077,0.5933515,2.459126,"[-1.769376,-4.42344,-6.192816,-7.9621916]",0.0,0.0,0.0,18.600325,0.8452907,99.0,21.322935,99.0,21.004707,99.0,20.218988,22.109589,1.4142224,99.0,20.543228,22.7496,0.94234735,99.0,20.105696,23.90766,2.2268393,99.0,23.095718,26.96346,41.05672,99.0,21.615364,99.0,20.704803,99.0,21.080645,0
iDR3.SPLUS-s26s32.005636,49.79210033613164,-34.10181759079995,0.34728912,0.025083303,1.0257286,"[-2.0932853,-5.233213,-7.326498,-9.419784]",0.0,0.0,0.0,18.656906,0.890764,24.971064,12.727969,99.0,21.004707,22.274706,2.6341898,21.097107,0.9040668,23.752783,9.928868,99.0,21.540142,20.972456,0.9934267,23.230608,1.9384006,22.4934,22.675062,99.0,21.64573,22.414494,1.1835343,99.0,20.704803,99.0,21.080645,0
iDR3.SPLUS-s26s32.030186,50.22463698593583,-33.35302542483481,0.34684917,0.014425576,1.0146368,"[0.,0.,0.,0.]",0.0,0.0,0.0,18.88816,0.5030194,99.0,21.322935,23.689905,4.8647428,23.003714,4.114568,99.0,20.354605,23.976976,9.199775,22.31051,0.7699729,99.0,20.105696,22.1788,0.5626759,22.23162,21.92081,99.0,21.64573,99.0,21.615364,99.0,20.704803,99.0,21.080645,0
iDR3.SPLUS-s26s32.006398,49.76274101049323,-34.07671815885476,0.2636273,0.3805945,1.6144512,"[-0.42871755,-1.0717938,-1.5005113,-1.9292289]",0.0,0.0,0.0,18.582508,0.82345265,99.0,21.322935,99.0,21.004707,99.0,20.218988,99.0,20.354605,21.780521,1.2922543,99.0,21.540142,25.359676,44.812756,24.241335,3.9573681,99.0,23.490372,22.722351,1.0829521,99.0,21.615364,22.52212,2.2444236,22.234383,1.4302781,0
iDR3.SPLUS-s26s32.007134,50.01953745825177,-34.051553888313514,0.43751568,0.34978318,1.5379485,"[0.,0.,0.,0.]",0.5322677,1.0,0.0,18.35592,0.6742253,22.508533,0.955422,24.157673,6.770131,20.960564,0.5729104,23.503578,5.9306026,99.0,20.543228,99.0,21.540142,20.068136,0.31620535,22.811813,0.957802,23.000013,26.104113,99.0,21.64573,22.88124,1.3104926,99.0,20.704803,99.0,21.080645,0
iDR3.SPLUS-s26s32.007144,49.91634063749345,-34.051349916383295,0.036851715,0.27707344,1.3832663,"[,-3.6438162,-9.10954,-12.753356,-16.397171]",6.6084566,2.0,0.0,18.49238,1.3019851,22.454123,1.4678357,22.949064,3.6019561,21.47178,1.472218,20.795647,0.79577196,20.965532,0.888481,99.0,21.540142,21.335363,1.6080018,23.967623,4.4883146,22.023748,22.418074,21.68047,0.605861,99.0,21.615364,23.05578,5.3422923,22.451548,2.5439742,0
iDR3.SPLUS-s26s32.007188,50.02468884479647,-34.050161161255616,0.3473113,0.5828833,2.3974106,"[,-3.2441602,-8.1104,-11.354561,-14.598721]",0.0,0.0,0.0,18.650023,1.5139085,21.90701,0.90709317,99.0,21.004707,99.0,20.218988,21.50742,1.5626683,99.0,20.543228,22.64744,1.6502823,21.552845,2.005637,23.550056,3.121371,24.175686,22.94086,23.511992,3.3348384,99.0,21.615364,23.336243,7.060202,99.0,21.080645,0
iDR3.SPLUS-s26s32.007363,49.97197292501102,-34.04486726312692,0.0070754467,0.27218384,1.3739734,"[-0.23496869,-0.5874217,-0.8223904,-1.0573591]",0.0,0.0,0.0,18.661263,1.6013241,21.387861,0.9200533,20.221186,0.49025217,99.0,20.218988,99.0,20.354605,99.0,20.543228,99.0,21.540142,99.0,20.105696,21.061382,0.5172931,22.299341,21.449894,99.0,21.64573,21.861351,1.3868556,99.0,20.704803,99.0,21.080645,0
iDR3.SPLUS-s26s32.007457,50.01171595070746,-34.042115990213475,0.034835808,0.4600395,1.8519874,"[,-7.5464907,-18.866226,-26.412716,-33.959206]",5.9098687,1.0,0.0,18.666338,1.3491511,23.53813,4.8699036,99.0,21.004707,23.087467,7.9612417,20.369675,0.65772575,99.0,20.543228,99.0,21.540142,20.489817,0.9043987,22.863659,1.9872248,23.27913,22.216814,22.062813,1.0524461,99.0,21.615364,21.299717,1.2970748,99.0,21.080645,0
iDR3.SPLUS-s26s32.007459,49.972290122132726,-34.04204432116365,0.0038825823,0.5143455,2.0590773,"[,-22.626368,-56.565918,-79.19228,-101.81865]",0.0,1.0,0.0,18.44139,2.0775495,20.5289,0.46981266,99.0,21.004707,99.0,20.218988,21.521435,2.912709,99.0,20.543228,99.0,21.540142,20.452692,1.3410587,21.568687,0.92776585,22.01268,21.756577,22.539558,2.508964,99.0,21.615364,99.0,20.704803,99.0,21.080645,0
iDR3.SPLUS-s26s32.031428,49.18154725157965,-33.313457709554406,0.24700361,0.10011995,1.1112592,"[-11.770282,-29.425703,-41.195984,-52.966263]",0.0,0.0,0.0,18.588657,1.501609,19.77791,0.22016743,19.915298,0.38840684,18.725246,0.20778367,19.022675,0.29055834,19.74546,0.5384873,20.75253,0.5264329,20.935482,2.0712385,24.047047,8.7861395,24.250849,99.0,20.53951,0.38536954,99.0,21.615364,99.0,20.704803,21.088058,1.3069631,0
iDR3.SPLUS-s26s32.007533,50.0127957198809,-34.03948131812577,0.03964381,0.06324351,1.0675132,"[-22.113398,-55.283493,-77.39689,-99.510284]",2.625784,2.0,0.0,18.443686,1.1208464,99.0,21.322935,20.564383,0.5781148,99.0,20.218988,99.0,20.354605,99.0,20.543228,99.0,21.540142,99.0,20.105696,23.278685,3.422468,22.32232,24.10129,21.679693,0.86935437,99.0,21.615364,99.0,20.704803,99.0,21.080645,0
iDR3.SPLUS-s26s32.007583,50.011732233639975,-34.03802417776436,4.441232e-05,0.37183934,1.5919495,"[-11.901902,-29.754755,-41.65666,-53.55856]",8.545208,5.0,0.0,18.42065,1.8019992,21.730906,1.2816057,22.175732,3.0039127,99.0,20.218988,21.572151,2.7565901,99.0,20.543228,99.0,21.540142,99.0,20.105696,23.63772,5.6295366,22.959663,99.0,99.0,21.64573,99.0,21.615364,21.15211,1.5723317,99.0,21.080645,0
iDR3.SPLUS-s26s32.007622,49.96228324364116,-34.036929740797696,0.035205156,0.6637808,2.97425,"[,-2.7296536,-6.8241343,-9.553787,-12.283442]",5.4021564,1.0,0.0,18.603828,1.5650109,23.09959,2.7218072,99.0,21.004707,21.02825,1.0033118,99.0,20.354605,20.752697,0.7481383,24.407434,8.358944,21.263039,1.5402727,22.660152,1.3791099,22.60422,22.990591,20.733107,0.2602303,99.0,21.615364,99.0,20.704803,99.0,21.080645,0
iDR3.SPLUS-s26s32.007722,49.96364152388063,-34.03377496233898,0.0026112073,0.38506514,1.6261885,"[-0.93132997,-2.3283248,-3.2596548,-4.1909847]",5.8114114,2.0,0.0,18.622066,1.2434685,99.0,21.322935,21.013983,0.7604364,21.493181,1.8771974,20.337395,0.6527699,20.908741,1.0537337,21.320677,0.59626806,22.779037,7.584417,21.518827,0.58968467,99.0,21.613562,21.312859,0.54008174,99.0,21.615364,20.844465,0.8724274,99.0,21.080645,0
iDR3.SPLUS-s26s32.007749,50.01732508451763,-34.033010360933375,4.649741e-05,0.47294438,1.8973329,"[-13.442942,-33.607353,-47.050297,-60.493237]",0.0,1.0,0.0,18.58238,1.9809694,20.34285,0.3868575,20.509188,0.7013189,20.501879,1.1073314,22.74487,8.775078,19.113094,0.29727134,99.0,21.540142,20.812418,1.8233614,21.659771,0.9853959,23.250237,21.592224,21.313198,0.7926834,23.893124,9.896117,21.403675,2.1433325,99.0,21.080645,0
iDR3.SPLUS-s26s32.007781,50.01932793067161,-34.03202292278011,0.005291914,0.54651594,2.205149,"[,-2.8396633,-7.099158,-9.938821,-12.778483]",5.4403644,1.0,0.0,18.51808,1.3569307,99.0,21.322935,20.670183,0.50908136,99.0,20.218988,20.595074,0.7585987,99.0,20.543228,99.0,21.540142,20.771685,1.0985106,21.897047,0.76567894,99.0,22.687992,99.0,21.64573,99.0,21.615364,21.619799,1.6325549,99.0,21.080645,0
iDR3.SPLUS-s26s32.007786,49.95457953366456,-34.031626512638326,0.051083777,0.28564185,1.399858,"[0.,0.,0.,0.]",3.1126873,2.0,0.0,18.309542,0.8452906,23.349268,2.540943,23.801878,5.9980874,23.191526,5.4388256,22.164856,2.1274912,21.891815,1.5814598,23.08244,1.8309954,20.14215,0.41214135,24.22926,4.335689,24.789467,24.802849,99.0,21.64573,99.0,21.615364,99.0,20.704803,99.0,21.080645,0
iDR3.SPLUS-s26s32.007809,50.01885935643681,-34.03119656748747,0.027541908,0.33249354,1.4981128,"[,-2.6861417,-6.715354,-9.401495,-12.087637]",2.199162,2.0,0.0,18.291288,1.3223187,99.0,21.322935,20.125168,0.36098135,99.0,20.218988,99.0,20.354605,21.019636,1.2512504,99.0,21.540142,20.136229,0.7167471,22.95068,2.3611712,24.29021,23.022926,99.0,21.64573,99.0,21.615364,99.0,20.704803,99.0,21.080645,0
iDR3.SPLUS-s26s32.007896,50.01732692966843,-34.028383706139095,0.0054611317,0.3575846,1.5566252,"[,-25.375902,-63.439754,-88.81565,-114.19155]",0.0,1.0,0.0,18.564539,1.5745298,20.88683,0.59847987,20.491486,0.64770997,19.747883,0.5202272,24.291103,34.202217,20.52149,1.0164999,99.0,21.540142,19.604063,0.5643242,21.737453,0.993296,23.92984,23.33872,99.0,21.64573,99.0,21.615364,99.0,20.704803,99.0,21.080645,0
iDR3.SPLUS-s26s32.008656,50.022300853757415,-34.00187601826265,0.036847316,0.6303096,2.7049658,"[-1.6452185,-4.113046,-5.7582645,-7.403483]",0.0,1.0,0.0,18.492514,1.7845353,21.542198,0.8760538,99.0,21.004707,20.399319,0.7585248,20.6983,0.99145085,19.54721,0.3296323,99.0,21.540142,19.34168,0.35254833,22.416227,1.4777896,22.991156,26.046833,99.0,21.64573,99.0,21.615364,21.213999,1.3385386,99.0,21.080645,0
iDR3.SPLUS-s26s32.008662,49.95824329079928,-34.00175114307566,0.013954491,0.7158158,3.5188441,"[,-5.6960263,-14.240066,-19.93609,-25.632116]",0.0,1.0,0.0,18.377844,2.2880754,21.922073,1.3928773,99.0,21.004707,20.699474,1.1198415,21.225273,1.8044451,21.279137,1.81133,99.0,21.540142,21.712147,3.475521,23.603552,4.9444284,22.300606,24.143524,21.752373,0.9954688,99.0,21.615364,19.77873,0.4010065,99.0,21.080645,0
iDR3.SPLUS-s26s32.008740,49.96121706646606,-33.99950336881716,0.006734111,0.5523211,2.2337437,"[,-7.9949074,-19.987268,-27.982176,-35.97708]",6.966719,1.0,0.0,18.577236,1.7432227,99.0,21.322935,99.0,21.004707,99.0,20.218988,99.0,20.354605,21.32937,1.7324406,99.0,21.540142,20.026522,0.6748473,22.601366,1.7943996,22.46955,22.761421,22.974865,2.800159,22.67554,2.4568946,22.132214,3.191498,99.0,21.080645,0
iDR3.SPLUS-s26s32.008779,49.9627809624662,-33.99852634266048,0.034970194,0.5901526,2.4399326,"[,-4.2437186,-10.609296,-14.853014,-19.096733]",0.0,0.0,0.0,18.201788,2.4225006,23.381226,7.471603,99.0,21.004707,99.0,20.218988,19.708618,0.6258994,19.02025,0.3178908,99.0,21.540142,19.471256,0.6197197,22.99469,3.9521682,24.752123,99.0,21.380505,0.9894623,20.55814,0.5364521,99.0,20.704803,99.0,21.080645,0
iDR3.SPLUS-s26s32.008858,49.96550021915747,-33.99600326772408,0.0056151478,0.3058573,1.440626,"[,-8.606358,-21.515892,-30.12225,-38.728607]",9.064237,3.0,0.0,18.440683,1.8176504,21.35858,1.1074938,20.569992,0.8346248,20.325657,1.0598931,19.455105,0.47325423,99.0,20.543228,22.674908,3.386804,19.124973,0.43064162,20.849613,0.52353954,22.423553,21.547678,21.42516,0.9837046,99.0,21.615364,23.883549,23.428228,99.0,21.080645,0
iDR3.SPLUS-s26s32.008926,49.9658085318244,-33.9940961884668,0.03407013,0.42018384,1.7246846,"[-19.90047,-49.751175,-69.65164,-89.55211]",0.0,0.0,0.0,18.789772,1.2181286,99.0,21.322935,21.810781,1.4869764,99.0,20.218988,21.256413,1.4109691,99.0,20.543228,99.0,21.540142,20.261116,0.6971086,23.509813,3.4440103,99.0,23.66332,99.0,21.64573,99.0,21.615364,21.46484,1.4361275,99.0,21.080645,0
iDR3.SPLUS-s26s32.009560,49.96559149400574,-33.97401011633536,0.34669212,0.4652813,1.8701422,"[0.,0.,0.,0.]",0.0,0.0,0.0,19.15536,0.84966743,21.631084,0.45027888,21.085812,0.4257654,23.687803,7.355016,22.787163,3.1919425,21.371109,0.8311814,99.0,21.540142,99.0,20.105696,23.913612,2.7619345,99.0,24.411604,99.0,21.64573,23.485924,2.3824592,21.63531,0.93023187,99.0,21.080645,0
iDR3.SPLUS-s26s32.010238,49.18276599922152,-33.9498575259844,0.023788318,0.29637015,1.4212017,"[,-2.7140286,-6.7850714,-9.4991,-12.213128]",7.4574466,3.0,0.0,18.234072,1.4874599,21.207037,0.64225924,20.675043,0.61321706,19.53461,0.3428178,19.698841,0.42705882,19.300655,0.28345412,99.0,21.540142,99.0,20.105696,22.871174,2.34843,21.543058,22.184904,21.088829,0.5043517,21.717743,1.0529327,20.2452,0.5712994,20.562777,0.6351959,0
iDR3.SPLUS-s26s32.034763,49.18364965338544,-32.97855547876134,0.04103784,0.48279107,1.9334546,"[-1.2000903,-3.0002258,-4.200316,-5.4004064]",5.8248606,1.0,0.0,18.430738,1.3589572,22.175716,1.055295,22.17006,1.6337501,20.92187,0.8257055,24.922596,35.000813,19.95932,0.34923467,99.0,21.540142,20.452293,0.70676345,24.936907,10.540309,99.0,23.061815,99.0,21.64573,99.0,21.615364,99.0,20.704803,22.950216,3.842679,0
iDR3.SPLUS-s26s32.034878,49.18218956581234,-32.979686500772345,0.05883959,0.4140225,1.7065502,"[,-4.8727126,-12.181782,-17.054495,-21.927206]",7.3910165,1.0,0.0,18.340368,1.6155698,99.0,21.322935,20.55808,0.56057715,19.836895,0.45988488,99.0,20.354605,19.676916,0.4052204,99.0,21.540142,19.469301,0.43223825,23.438004,4.0060477,22.321152,22.693392,21.546562,0.7774965,99.0,21.615364,99.0,20.704803,99.0,21.080645,0
iDR3.SPLUS-s26s32.035162,49.18301042189078,-32.986682703994894,0.00466895,0.63787,2.7614393,"[-0.47566628,-1.1891657,-1.664832,-2.1404982]",0.0,1.0,0.0,18.533773,1.186377,22.70501,1.0826617,24.940786,13.1686325,24.08133,9.493007,23.865032,8.319785,22.087374,1.5502707,99.0,21.540142,20.704494,0.56527513,23.087587,1.2101238,99.0,22.689877,22.493536,0.7762253,99.0,21.615364,99.0,20.704803,99.0,21.080645,0
iDR3.SPLUS-s26s32.035229,49.187324300292765,-32.98821240005094,0.34704438,0.19907928,1.248563,"[0.,0.,0.,0.]",0.0,0.0,0.0,18.753876,0.8391492,99.0,21.322935,99.0,21.004707,99.0,20.218988,20.841213,0.77677464,21.839054,1.8549734,23.017206,2.124048,20.476751,0.6856506,22.057629,0.70618445,22.133755,22.406822,99.0,21.64573,99.0,21.615364,99.0,20.704803,99.0,21.080645,0
iDR3.SPLUS-s26s32.035244,50.61806825912801,-32.99169620700317,0.00012685313,0.4004143,1.6678182,"[-1.3555256,-3.388814,-4.7443395,-6.099865]",10.968256,1.0,0.0,18.528988,2.364284,99.0,21.322935,99.0,21.004707,99.0,20.218988,99.0,20.354605,99.0,20.543228,99.0,21.540142,99.0,20.105696,22.683353,3.0646224,21.512545,24.009903,21.931028,1.6962633,99.0,21.615364,19.44552,0.42856565,21.635517,2.6715026,0
iDR3.SPLUS-s26s32.035402,49.18110082744431,-32.9925836865656,0.003877733,0.13954723,1.1621789,"[-0.8988451,-2.2471128,-3.1459577,-4.0448027]",5.2699914,3.0,0.0,18.359503,0.9547551,99.0,21.322935,22.14588,1.6179076,20.147896,0.4120715,21.641388,1.7292573,21.848984,1.9993407,99.0,21.540142,20.505949,0.751521,22.803162,1.4969597,22.860334,23.242966,22.180761,0.9346072,99.0,21.615364,99.0,20.704803,20.81124,0.5435131,0
iDR3.SPLUS-s26s32.011658,49.18150831121901,-33.899077647923185,0.3475573,0.4262045,1.7427813,"[-0.2261328,-0.56533194,-0.79146475,-1.0175976]",0.0,0.0,0.0,18.586042,0.76875407,22.292786,0.71088487,21.653149,0.616067,20.944029,0.51242816,21.164867,0.66903895,20.63507,0.39460143,23.42316,1.9670501,21.44604,1.0662328,22.875181,0.9577194,22.66772,22.5926,22.218035,0.58018464,99.0,21.615364,21.971308,1.1344551,99.0,21.080645,0
iDR3.SPLUS-s26s32.035748,49.18135037028182,-33.0011460850884,0.037606064,0.37164563,1.5914587,"[-0.21811213,-0.54528034,-0.76339245,-0.98150456]",3.79313,2.0,0.0,18.473623,0.8106627,21.912355,0.40872428,99.0,21.004707,99.0,20.218988,21.063293,0.49589646,21.249989,0.56152475,99.0,21.540142,21.066114,0.6139621,23.589811,1.4919835,99.0,23.305883,23.527128,1.5587492,99.0,21.615364,99.0,20.704803,99.0,21.080645,0
iDR3.SPLUS-s26s32.035988,49.18262912993752,-33.006424166244585,0.034936115,0.21830821,1.2792766,"[0.,0.,0.,0.]",0.0,0.0,0.0,18.648243,1.0162203,99.0,21.322935,21.79305,1.1814411,20.255707,0.4590287,19.950768,0.3706846,19.938452,0.35023853,99.0,21.540142,99.0,20.105696,22.16418,0.83993274,23.545853,24.857084,22.666765,1.4755032,99.0,21.615364,99.0,20.704803,21.876377,1.4621402,0
iDR3.SPLUS-s26s32.012247,50.36415799789047,-33.88305341946148,0.34777322,0.64882815,2.8476086,"[0.,0.,0.,0.]",0.0,0.0,0.0,18.542763,0.8844829,99.0,21.322935,21.14386,0.4691639,20.870861,0.580424,99.0,20.354605,21.541964,1.006579,22.815912,1.2566408,99.0,20.105696,23.32153,1.6490048,22.8803,23.320164,23.6727,2.5204892,24.327682,5.3124757,21.94547,1.2686721,99.0,21.080645,0
iDR3.SPLUS-s26s32.012395,49.1817921731124,-33.875999839910406,0.063543685,0.239102,1.3142366,"[0.,0.,0.,0.]",4.4948316,3.0,0.0,18.019226,0.8687906,99.0,21.322935,21.65511,0.62552476,21.13357,0.6169782,22.68649,2.7365525,19.881306,0.20247611,23.464127,2.0706675,99.0,20.105696,24.641216,4.9269896,99.0,22.947083,23.528997,1.9593626,99.0,21.615364,99.0,20.704803,22.469465,1.5093899,0
iDR3.SPLUS-s26s32.036522,49.185038356486096,-33.01944756157,0.06242638,0.50676155,2.0274167,"[,-2.3486369,-5.871592,-8.220228,-10.568865]",0.0,0.0,0.0,18.683418,1.6418902,22.245869,1.4837315,99.0,21.004707,20.227884,0.5752431,99.0,20.354605,20.05669,0.5017176,23.223478,3.5736737,18.856226,0.21685119,22.796673,1.93816,99.0,24.105148,99.0,21.64573,99.0,21.615364,99.0,20.704803,99.0,21.080645,0
iDR3.SPLUS-s26s32.036625,49.187045292322885,-33.02180043474992,0.43104964,0.424564,1.7378126,"[,-4.678939,-11.697348,-16.376286,-21.055225]",0.0,1.0,0.0,18.444023,1.9782248,21.35851,0.97476304,21.390644,1.5626831,19.516323,0.443988,20.44217,1.1103185,20.001049,0.7071259,99.0,21.540142,18.75203,0.29030725,22.374687,1.9542222,23.405748,22.093306,21.437761,0.9129214,99.0,21.615364,99.0,20.704803,20.983358,1.2326794,0
iDR3.SPLUS-s26s32.037064,49.18761953616745,-33.03792052624904,0.009660969,0.47136533,1.8916656,"[,-3.5239675,-8.809918,-12.333886,-15.857853]",0.0,0.0,0.0,18.474543,2.7497528,19.894613,0.3455804,20.791864,1.2271671,99.0,20.218988,99.0,20.354605,99.0,20.543228,20.994442,0.93067133,19.387901,0.7063071,20.857807,0.6593718,22.07445,20.814646,22.557104,3.4870276,99.0,21.615364,19.44617,0.49166465,23.55585,17.96377,0
iDR3.SPLUS-s26s32.037164,49.17990915080343,-33.04068316919717,0.038090177,0.74997556,3.9996095,"[,-3.963728,-9.90932,-13.873047,-17.836775]",0.0,0.0,0.0,18.742056,1.7119131,21.067707,0.37212056,20.51699,0.3499228,20.630062,0.6158199,20.131721,0.41685677,20.080677,0.38017493,24.886185,12.196989,21.359463,1.5809032,24.010973,4.3768077,23.180117,22.788721,21.365858,0.42559817,22.919155,2.0864112,99.0,20.704803,99.0,21.080645,0
iDR3.SPLUS-s26s32.013342,49.18253785986013,-33.845602978557814,0.43403226,0.010702729,1.0108185,"[0.,0.,0.,0.]",0.0,1.0,0.0,18.225168,0.5024118,99.0,21.322935,99.0,21.004707,21.783743,0.93889976,99.0,20.354605,23.29109,3.8229878,23.937914,2.6851122,22.273111,1.9352227,23.837751,1.9726993,99.0,23.236673,23.194324,1.2087029,99.0,21.615364,21.778093,0.8083198,99.0,21.080645,0
iDR3.SPLUS-s26s32.037362,49.18380326107225,-33.046688597400696,0.05050955,0.4068703,1.685972,"[-10.024599,-25.061497,-35.086094,-45.110695]",7.9033427,3.0,0.0,18.19564,1.7161366,20.311203,0.32119146,21.365047,1.3155909,19.7287,0.4654358,21.10395,1.759429,20.941523,1.4475011,22.343603,2.0374987,20.089226,0.8523806,21.572746,0.8052866,24.203173,21.865776,21.29845,0.69243205,99.0,21.615364,99.0,20.704803,21.02306,1.1021593,0
iDR3.SPLUS-s26s32.037381,50.18236062785213,-33.05012942499316,0.34663746,0.60794914,2.5506897,"[0.,0.,0.,0.]",0.0,0.0,0.0,19.49685,0.79831606,23.286108,1.9932146,99.0,21.004707,99.0,20.218988,20.914341,0.541138,21.871271,1.2406667,25.726112,16.664242,21.442791,1.0807501,23.431948,1.6625003,23.270298,23.337858,99.0,21.64573,24.444794,5.404153,99.0,20.704803,99.0,21.080645,0
iDR3.SPLUS-s26s32.037402,49.18379919614725,-33.048922635760505,0.0013402877,0.37050802,1.5885826,"[,-7.017533,-17.54383,-24.561363,-31.578896]",6.2571263,3.0,0.0,18.429766,1.3219492,21.66973,0.7737181,21.061241,0.6887253,20.386171,0.5894362,22.268456,3.5503173,20.212572,0.51304567,22.746906,2.0405827,20.298601,0.7158199,22.17092,0.9650904,21.611212,21.701826,21.150034,0.41812205,99.0,21.615364,99.0,20.704803,21.524542,1.2082413,0
iDR3.SPLUS-s26s32.037438,49.19022067252493,-33.04970612152436,0.34690836,0.42402798,1.7361954,"[0.,0.,0.,0.]",0.0,0.0,0.0,18.837605,0.9050715,22.077436,0.69518095,99.0,21.004707,25.726286,49.334652,22.484028,2.6689727,20.954866,0.62707114,99.0,21.540142,99.0,20.105696,22.389318,0.72794527,22.360167,22.786243,22.631798,1.0065681,22.413383,0.9683434,21.600624,0.96243346,99.0,21.080645,0
iDR3.SPLUS-s26s32.037444,49.18505478538204,-33.04946954110383,0.34684125,0.39502227,1.6529534,"[-1.9164273,-4.791068,-6.707495,-8.623922]",0.0,0.0,0.0,18.895996,0.8895156,99.0,21.322935,20.844782,0.42351285,99.0,20.218988,21.453487,1.2544957,20.584942,0.5406894,22.416706,1.125393,20.290577,0.53334624,23.725023,3.013068,26.061472,24.601646,22.244741,0.85453683,99.0,21.615364,99.0,20.704803,99.0,21.080645,0
iDR3.SPLUS-s26s32.037458,49.18950470432937,-33.05137141309518,0.34695834,0.44893032,1.8146526,"[0.,0.,0.,0.]",0.0,0.0,0.0,18.802786,0.84810674,25.011005,13.036376,99.0,21.004707,99.0,20.218988,99.0,20.354605,21.038801,0.85368556,99.0,21.540142,19.890104,0.38593847,23.816044,3.4152505,99.0,99.0,21.080242,0.3061754,22.337563,1.1408154,20.722523,0.5424775,21.952667,1.3952692,0
iDR3.SPLUS-s26s32.037629,49.182993902939046,-33.050966031733566,0.4369408,0.4533524,1.8293321,"[,-3.8689091,-9.672273,-13.541182,-17.41009]",0.0,1.0,0.0,18.391865,1.2898394,99.0,21.322935,20.06676,0.28922942,19.956982,0.41526988,23.187141,8.631335,19.932121,0.41399997,21.823687,0.9107397,99.0,20.105696,22.763235,1.7367952,22.80356,22.670748,22.807009,2.0007904,99.0,21.615364,99.0,20.704803,20.65986,0.56908774,0
iDR3.SPLUS-s26s32.037773,49.18214212232909,-33.05930048068492,0.3467971,0.009882569,1.0099813,"[0.,0.,0.,0.]",0.0,0.0,0.0,18.945732,0.501667,22.670942,1.0554701,99.0,21.004707,23.506403,5.6260085,22.356976,2.0911832,22.086735,1.5587647,24.132612,3.962403,20.551615,0.49504635,22.64085,0.80771565,22.02458,22.629894,22.267097,0.6345366,99.0,21.615364,99.0,20.704803,99.0,21.080645,0
iDR3.SPLUS-s26s32.037782,49.18372652608221,-33.05951076113546,0.3888423,0.3149128,1.4596682,"[-1.4229255,-3.5573137,-4.980239,-6.4031644]",4.1911154,1.0,0.0,18.074434,0.8552594,99.0,21.322935,23.488409,4.7763968,99.0,20.218988,22.352982,2.8578475,22.135273,2.2347617,23.594631,3.3151712,21.152628,1.1685117,21.817722,0.5199647,22.692995,22.863958,21.006485,0.27384505,99.0,21.615364,99.0,20.704803,99.0,21.080645,0
iDR3.SPLUS-s26s32.037797,49.18021119515679,-33.05081188071976,0.031569764,0.4721362,1.8944281,"[-1.2489009,-3.122252,-4.371153,-5.6200533]",0.0,0.0,0.0,18.821081,1.5299563,99.0,21.322935,20.61423,0.6078471,19.246397,0.27609256,20.019066,0.59787786,19.23088,0.27751145,21.466623,0.8370406,19.742249,0.57138747,21.60538,0.76410896,22.74693,22.594498,21.477955,0.752061,99.0,21.615364,99.0,20.704803,20.472662,0.6115017,0
iDR3.SPLUS-s26s32.037909,49.183747078756745,-33.07418848606534,0.035224956,0.597599,2.4850833,"[,-34.91978,-87.29945,-122.21923,-157.139]",0.0,0.0,0.0,18.600935,1.5806148,99.0,21.322935,23.043655,4.9274144,19.639662,0.34392288,19.608742,0.3568091,22.541115,5.041698,21.57152,0.80031884,19.77864,0.5136544,23.232294,2.9643319,99.0,99.0,21.899359,0.9620036,99.0,21.615364,99.0,20.704803,99.0,21.080645,0
iDR3.SPLUS-s26s32.037930,49.19063345060783,-33.084716000186866,0.43741748,0.032902002,1.0340214,"[0.,0.,0.,0.]",0.0,1.0,0.0,18.343426,0.508058,23.000776,1.031968,22.271637,0.8239209,22.563364,1.7080619,22.627743,1.9357499,23.262453,3.3122404,99.0,21.540142,21.235256,0.6696952,25.307152,6.7633986,99.0,25.94751,23.980045,2.2074504,22.700817,0.8014303,99.0,20.704803,99.0,21.080645,0
iDR3.SPLUS-s26s32.037934,49.18513753304074,-33.059435080173856,0.35126352,0.39599335,1.6556109,"[,-4.1619687,-10.404922,-14.56689,-18.728859]",0.0,0.0,0.0,18.255285,0.69748193,99.0,21.322935,99.0,21.004707,21.496052,0.99867254,99.0,20.354605,22.061031,1.711583,99.0,21.540142,99.0,20.105696,22.350212,0.6954017,22.223993,22.195902,23.427208,2.0705464,99.0,21.615364,99.0,20.704803,99.0,21.080645,0
iDR3.SPLUS-s26s32.038045,49.18214140096686,-33.09231546170676,0.0070009297,0.43402928,1.7668759,"[,-6.0705757,-15.176439,-21.247015,-27.31759]",0.0,0.0,0.0,18.686035,1.5466353,99.0,21.322935,20.062208,0.33564663,19.585133,0.34459323,19.423473,0.31726113,20.922943,1.199062,99.0,21.540142,19.71539,0.5106156,22.568727,1.6962874,23.802076,25.086487,20.15782,0.20501673,99.0,21.615364,99.0,20.704803,99.0,21.080645,0
iDR3.SPLUS-s26s32.038340,49.18745701726327,-33.079125186591774,0.008583124,0.38318032,1.6212194,"[,-39.79815,-99.49537,-139.29352,-179.09166]",1.2468138,2.0,0.0,18.516624,0.9821729,24.444654,5.971497,99.0,21.004707,99.0,20.218988,99.0,20.354605,99.0,20.543228,99.0,21.540142,20.812223,0.6930915,23.452427,1.886188,99.0,99.0,24.405766,5.018164,99.0,21.615364,99.0,20.704803,21.164448,0.52187407,0
iDR3.SPLUS-s26s32.038344,49.192502517017786,-33.0989444607338,0.347293,0.05329472,1.0562949,"[0.,0.,0.,0.]",0.0,0.0,0.0,18.655685,0.51267236,99.0,21.322935,22.46697,1.148556,22.43247,1.7677374,99.0,20.354605,20.68761,0.36688668,99.0,21.540142,22.369928,2.1965826,22.657154,0.6912174,23.525705,22.75519,23.150328,1.202837,23.451752,1.8660194,99.0,20.704803,99.0,21.080645,0
iDR3.SPLUS-s26s32.038425,49.183844192760446,-33.0960047474225,0.12249517,0.6043847,2.5277083,"[0.,0.,0.,0.]",0.0,0.0,0.0,18.63805,1.0450766,21.833904,0.55352443,21.562346,0.67150784,99.0,20.218988,99.0,20.354605,20.661436,0.47737974,99.0,21.540142,19.83893,0.2928465,24.937618,7.5512524,23.26826,24.57258,21.77451,0.45632538,99.0,21.615364,99.0,20.704803,23.732965,5.6570873,0
iDR3.SPLUS-s26s32.038458,49.17899671859132,-33.09916256222215,0.04780776,0.0114578605,1.0115907,"[0.,0.,0.,0.]",0.0,1.0,0.0,18.395456,0.49944052,22.39055,0.5542463,24.192059,4.4930997,22.167393,1.1154482,99.0,20.354605,99.0,20.543228,99.0,21.540142,99.0,20.105696,24.732605,3.735308,22.855673,24.130707,22.103098,0.3711676,99.0,21.615364,99.0,20.704803,22.696123,1.3018678,0
iDR3.SPLUS-s26s32.038499,49.18356850130685,-33.102033811772294,0.008018185,0.59942544,2.4964144,"[-1.0276303,-2.5690758,-3.5967062,-4.6243362]",6.068473,1.0,0.0,18.547968,1.607846,21.9566,1.1115534,20.252224,0.36213526,19.271362,0.23504181,20.563549,0.81740624,19.695717,0.352587,99.0,21.540142,22.456657,5.7357187,21.276028,0.46798727,21.957333,21.34052,21.08432,0.4343559,99.0,21.615364,99.0,20.704803,99.0,21.080645,0
iDR3.SPLUS-s26s32.038560,49.1842252278349,-33.10170652710661,0.34680763,0.623676,2.6572847,"[-0.56169665,-1.4042416,-1.9659381,-2.5276346]",0.0,0.0,0.0,18.932745,1.1804725,21.545612,0.56094617,99.0,21.004707,20.852512,0.7346041,20.406105,0.52136403,22.268904,2.7534714,24.371984,7.390672,21.595526,1.9105929,22.57331,1.134139,22.223022,22.981697,21.620872,0.52326465,99.0,21.615364,99.0,20.704803,99.0,21.080645,0
iDR3.SPLUS-s26s32.038645,49.18342872207006,-33.10421808227098,0.4353295,0.6217152,2.6435106,"[0.,0.,0.,0.]",0.0,1.0,0.0,18.415825,0.81192625,23.679916,2.474931,22.056053,0.8678533,20.75545,0.4212458,22.075153,1.4985849,20.667753,0.39585498,22.781813,1.0617098,21.143847,0.78804815,23.5886,1.7908728,99.0,99.0,22.602697,0.8013363,99.0,21.615364,99.0,20.704803,99.0,21.080645,0
iDR3.SPLUS-s26s32.038756,49.18540388927872,-33.10641516907849,0.032021414,0.39140528,1.6431297,"[-0.19123767,-0.4780942,-0.66933185,-0.8605695]",0.0,0.0,0.0,18.80689,0.70258784,22.47588,0.6151606,24.22069,4.7389007,23.182882,2.9029856,21.014965,0.42814067,21.026411,0.41346487,24.916548,5.657364,21.8866,1.1662782,24.679546,3.654615,23.170588,24.174213,23.087507,0.93680036,99.0,21.615364,22.948952,2.0325406,99.0,21.080645,0
iDR3.SPLUS-s26s32.038861,49.18186606618558,-33.10646019706339,0.045089677,0.27776408,1.3845892,"[-0.23620687,-0.59051716,-0.82672405,-1.0629308]",0.0,0.0,0.0,18.715408,0.94479436,23.189884,3.125334,20.492384,0.40832275,19.445126,0.2494885,20.380493,0.6251547,20.216532,0.51396245,21.629381,0.72864896,99.0,20.105696,23.556774,3.4485345,99.0,99.0,99.0,21.64573,99.0,21.615364,99.0,20.704803,22.63696,3.3581576,0
iDR3.SPLUS-s26s32.039512,49.18409691600034,-33.11904654045588,0.34696242,0.008951664,1.0090325,"[0.,0.,0.,0.]",0.0,0.0,0.0,18.800179,0.75119376,23.262941,3.001434,21.097189,0.6385021,99.0,20.218988,99.0,20.354605,99.0,20.543228,23.020422,2.352347,99.0,20.105696,22.926334,1.7331606,22.75077,23.510195,99.0,21.64573,99.0,21.615364,99.0,20.704803,21.313763,0.8919911,0
iDR3.SPLUS-s26s32.015701,50.304182210363294,-33.776913185387976,0.34702012,0.6098201,2.5629203,"[0.,0.,0.,0.]",0.0,0.0,0.0,18.766531,0.80020607,21.944347,0.581183,23.600088,4.133665,99.0,20.218988,99.0,20.354605,99.0,20.543228,99.0,21.540142,99.0,20.105696,23.455008,1.709008,23.217089,23.381615,99.0,21.64573,99.0,21.615364,22.163767,1.4099023,99.0,21.080645,0
iDR3.SPLUS-s26s32.039594,49.18168171760207,-33.12468106205439,0.34678468,0.70687014,3.4114575,"[-2.040218,-5.1005454,-7.1407633,-9.180981]",0.0,0.0,0.0,18.962168,1.6370356,20.891289,0.38768625,20.87349,0.5933187,19.679893,0.3164582,99.0,20.354605,20.035225,0.44613516,22.035791,1.0852275,21.163477,1.6184381,25.057577,14.079532,99.0,99.0,20.952595,0.35690364,99.0,21.615364,99.0,20.704803,99.0,21.080645,0
iDR3.SPLUS-s26s32.039600,49.18434386141871,-33.12478206134925,0.41219512,0.5591277,2.2682304,"[,-6.022939,-15.057347,-21.080286,-27.103226]",0.0,0.0,0.0,18.49085,1.7269799,99.0,21.322935,21.09986,0.9500767,99.0,20.218988,20.36689,0.82307994,20.305376,0.7431246,99.0,21.540142,19.343983,0.39712745,21.516996,0.70472723,21.72975,21.954124,21.150871,0.55699474,21.171196,0.6665522,99.0,20.704803,99.0,21.080645,0
iDR3.SPLUS-s26s32.039932,49.18583570460144,-33.130337760329645,0.38138387,0.3984658,1.6624159,"[0.,0.,0.,0.]",-0.3053635,2.0,0.0,18.218723,0.8698599,99.0,21.322935,25.542097,24.584919,20.891851,0.54604495,22.423683,2.3707104,22.290808,2.0044765,22.89568,1.354318,20.4255,0.47000572,23.115585,1.3321613,22.608772,22.64918,99.0,21.64573,99.0,21.615364,99.0,20.704803,99.0,21.080645,0
iDR3.SPLUS-s26s32.040222,49.18136504420766,-33.1372812742634,0.1547276,0.30295247,1.4346224,"[,-3.4494622,-8.623655,-12.073117,-15.522579]",0.0,0.0,0.0,18.62333,1.1393617,21.52401,0.7083106,20.176455,0.3206282,19.397856,0.25031918,20.459595,0.70444214,20.682829,0.8259893,24.637115,12.170161,20.841951,1.2320222,23.689754,4.0864706,24.000479,23.901476,21.571869,0.6443122,23.00771,2.8365002,99.0,20.704803,99.0,21.080645,0
iDR3.SPLUS-s26s32.040369,49.1812137195825,-33.140141263907715,0.34681585,0.50618577,2.025053,"[-1.6056116,-4.014029,-5.6196404,-7.2252517]",0.0,0.0,0.0,18.923147,1.0697801,21.99475,0.6596606,21.349604,0.5685836,20.761538,0.5277223,20.393002,0.4021129,99.0,20.543228,22.842428,1.4057002,20.31391,0.46189353,24.719501,6.3538737,24.267004,23.070173,22.996693,1.4405152,99.0,21.615364,99.0,20.704803,21.648525,0.8543205,0
iDR3.SPLUS-s26s32.040561,49.1819152061824,-33.14478481826334,0.03099901,0.42579353,1.7415338,"[0.,0.,0.,0.]",0.0,0.0,0.0,18.853848,0.9077824,22.463194,0.76734936,23.001095,1.954895,99.0,20.218988,20.84605,0.4616644,99.0,20.543228,99.0,21.540142,21.563673,1.0948782,25.362204,8.671368,99.0,99.0,25.499435,10.886804,25.629856,14.431094,99.0,20.704803,22.915493,2.0703595,0
iDR3.SPLUS-s26s32.040631,49.1832846541076,-33.14600634061881,0.034620527,0.45138633,1.8227763,"[-1.7247571,-4.3118925,-6.0366497,-7.7614064]",6.024046,1.0,0.0,18.29123,1.3639687,22.154099,1.2616891,20.727308,0.5297525,20.347435,0.59420604,19.944012,0.43847698,20.470493,0.67862004,99.0,21.540142,20.827637,1.2138956,23.050562,2.264917,26.171995,24.0087,21.40004,0.54931784,99.0,21.615364,99.0,20.704803,21.266556,0.99531037,0
iDR3.SPLUS-s26s32.040694,49.18082354257263,-33.14537293673968,0.3483193,0.32094604,1.472637,"[,-3.1867507,-7.9668765,-11.153626,-14.340377]",0.0,0.0,0.0,18.46231,1.290553,20.778778,0.41422158,20.5056,0.50164485,19.33557,0.2733588,21.433819,1.9989179,19.419134,0.30060914,21.337221,0.6769726,21.671097,3.0601301,22.366108,1.4015088,23.527441,22.355867,21.1069,0.48724806,22.954758,3.1336462,99.0,20.704803,99.0,21.080645,0
iDR3.SPLUS-s26s32.040852,49.18462356388191,-33.1485606736493,0.0071791634,0.05376339,1.0568181,"[0.,0.,0.,0.]",0.0,0.0,0.0,18.636837,0.7191688,21.57758,0.49001572,24.71445,13.628201,22.35481,2.4712965,21.35844,1.0577934,21.160698,0.84302706,99.0,21.540142,20.408432,0.5470205,23.314018,1.898359,23.750294,23.780214,99.0,21.64573,21.96479,0.7136254,99.0,20.704803,24.61327,14.257072,0
iDR3.SPLUS-s26s32.017001,50.193649498394905,-33.739460160616126,0.064237036,0.460158,1.8523937,"[,-4.1210012,-10.302503,-14.423503,-18.544504]",0.0,1.0,0.0,18.447052,1.9335873,21.700197,1.2924721,21.020409,1.0765346,99.0,20.218988,20.547146,1.0659252,22.298254,5.1008153,99.0,21.540142,99.0,20.105696,21.78407,1.018251,21.740292,21.914042,20.809114,0.45971766,99.0,21.615364,99.0,20.704803,99.0,21.080645,0
iDR3.SPLUS-s26s32.040910,49.83559511357058,-33.1487916279844,0.014735344,0.47667104,1.9108441,"[-0.93497837,-2.3374457,-3.2724242,-4.207402]",7.81038,1.0,0.0,18.299616,1.8056842,21.571121,0.95506513,21.364552,1.2292964,22.28599,4.562256,19.432014,0.32116637,20.519148,0.8311932,22.709406,2.4145055,19.71327,0.51189107,22.76715,2.0942752,22.239544,21.78751,20.88777,0.41156435,21.982128,1.3041178,20.937605,1.0624412,20.287277,0.4850298,0
iDR3.SPLUS-s26s32.017950,49.18343656902845,-33.70960298842149,0.34672555,0.725932,3.6487296,"[-0.40796897,-1.0199224,-1.4278914,-1.8358603]",0.0,0.0,0.0,19.064518,1.0373992,23.023886,1.4614332,23.736172,4.377585,24.79412,18.430454,21.770828,1.2197496,20.975174,0.56279856,99.0,21.540142,20.554892,0.495977,23.457216,1.713608,22.554445,22.333723,21.955893,0.47814283,99.0,21.615364,22.045187,1.2714171,22.691751,1.913228,0
iDR3.SPLUS-s26s32.041806,49.18033928258306,-33.17904602681677,0.03495593,0.4759199,1.9081051,"[-1.0748951,-2.6872377,-3.762133,-4.837028]",0.0,0.0,0.0,18.644722,1.2832927,20.812157,0.31974137,20.60803,0.4125908,20.573538,0.6347652,20.511265,0.6401416,21.906216,2.2017968,22.363308,1.2988712,99.0,20.105696,23.542435,3.0887527,23.072704,23.541533,21.132975,0.37319914,99.0,21.615364,99.0,20.704803,99.0,21.080645,0
iDR3.SPLUS-s26s32.041815,49.18597615299931,-33.18005113421262,0.34699798,0.477054,1.9122432,"[,-3.4033475,-8.5083685,-11.911716,-15.315063]",0.0,0.0,0.0,18.778812,1.067698,22.493793,1.2290608,99.0,21.004707,24.49574,19.192375,21.485237,1.2864146,99.0,20.543228,22.664194,1.4073002,99.0,20.105696,22.940344,1.4577953,22.212765,22.12049,23.936174,4.0330267,99.0,21.615364,20.723257,0.5187681,99.0,21.080645,0
iDR3.SPLUS-s26s32.041850,49.18266945023348,-33.180135844999114,0.03692366,0.6014341,2.5089958,"[-1.1938388,-2.984597,-4.178436,-5.3722744]",2.9061744,1.0,0.0,18.490248,0.78882194,23.719366,2.8503566,23.074965,2.4529893,21.747276,1.1527733,20.902523,0.56829417,21.34308,0.8121608,99.0,21.540142,21.016058,0.7772656,23.549511,1.9183036,22.740374,23.036472,22.611,0.8961226,99.0,21.615364,99.0,20.704803,23.184958,3.1126583,0
iDR3.SPLUS-s26s32.041967,49.183368076758136,-33.06154250148528,0.1429918,0.23741764,1.3113338,"[0.,0.,0.,0.]",0.0,0.0,0.0,18.628372,0.9484893,23.474401,3.819182,21.559464,1.0216402,20.431705,0.5772916,28.98499,1618.128,21.204506,1.1969458,22.502481,1.5297436,19.97008,0.49818218,22.462517,1.18473,99.0,23.445848,21.524313,0.5535521,99.0,21.615364,99.0,20.704803,99.0,21.080645,0
iDR3.SPLUS-s26s32.018423,49.1823653287393,-33.69657754886102,0.43481016,0.385814,1.6281713,"[-0.05175758,-0.12939394,-0.18115151,-0.23290908]",3.757322,1.0,0.0,18.420723,0.8124761,99.0,21.322935,22.207668,1.3119397,22.068192,1.8343788,22.09185,1.9990491,22.882421,3.9507341,99.0,21.540142,20.24807,0.45607275,23.147581,1.5743868,27.580652,22.695532,23.353382,2.1052358,99.0,21.615364,20.664833,0.43714058,24.031439,8.025281,0
iDR3.SPLUS-s26s32.042011,49.18004661993184,-33.18403809636646,0.34683716,0.2156198,1.274892,"[0.,0.,0.,0.]",0.0,0.0,0.0,18.900135,0.8560006,99.0,21.322935,20.477123,0.32195586,20.92777,0.77118206,20.210888,0.42730424,21.250263,1.0575577,99.0,21.540142,22.279224,3.5075316,22.377653,0.9279467,22.142159,22.120148,20.841473,0.25114396,24.291306,7.021915,99.0,20.704803,99.0,21.080645,0
iDR3.SPLUS-s26s32.018594,49.18112201250469,-33.6914910587058,0.03346869,0.29200017,1.4124297,"[-0.9388407,-2.3471017,-3.2859423,-4.224783]",5.0017323,1.0,0.0,18.402246,0.9999267,21.877829,0.78914523,19.821617,0.1878038,21.071098,0.93076825,21.3891,1.3284379,20.399029,0.51196206,99.0,21.540142,20.807806,0.9598167,22.612213,1.220141,22.603046,22.457098,21.373135,0.43268996,99.0,21.615364,20.609213,0.5260262,20.904558,0.57265824,0
iDR3.SPLUS-s26s32.042242,49.18248382063564,-33.191092886932324,0.0714334,0.42076862,1.7264258,"[-0.4050788,-1.012697,-1.4177758,-1.8228545]",0.0,0.0,0.0,18.67317,0.7710223,22.926666,0.9283974,24.265001,4.9341683,21.729555,0.7683716,25.190212,19.65574,99.0,20.543228,99.0,21.540142,21.309645,0.69006306,23.592735,1.3446634,23.513977,22.661432,28.825165,183.77397,23.534351,1.6560186,99.0,20.704803,99.0,21.080645,0
iDR3.SPLUS-s26s32.018840,49.181315693064015,-33.683956865030545,0.34665757,0.62048763,2.6349602,"[0.,0.,0.,0.]",0.0,0.0,0.0,19.31942,0.8090019,23.85119,2.7030694,23.818134,4.0809846,22.187704,1.4516171,99.0,20.354605,99.0,20.543228,99.0,21.540142,22.534506,2.6185555,22.380081,0.5513387,22.632435,22.302832,21.778456,0.35225952,99.0,21.615364,24.236513,8.253328,99.0,21.080645,0
iDR3.SPLUS-s26s32.018896,49.18456523215838,-33.682576021611375,0.3035848,0.75738597,4.1217737,"[-16.07835,-40.195873,-56.274223,-72.35257]",0.0,0.0,0.0,18.566725,1.443696,22.668203,0.9275246,99.0,21.004707,99.0,20.218988,99.0,20.354605,21.123217,0.567492,24.78258,6.327438,99.0,20.105696,23.102745,1.0876975,22.992626,22.345123,22.680195,0.8168716,99.0,21.615364,99.0,20.704803,24.140274,6.379315,0
iDR3.SPLUS-s26s32.019157,49.181600191520346,-33.6740795994101,0.040573657,0.4196155,1.7229958,"[0.,0.,0.,0.]",0.0,1.0,0.0,18.305979,0.7157908,23.73044,2.4190583,23.411707,2.8086922,20.820728,0.41791362,21.319916,0.6990675,20.889734,0.4514848,23.588602,2.0742292,21.503136,1.0188162,24.481422,3.8008785,23.778397,23.903402,21.601973,0.2999646,99.0,21.615364,21.804806,0.88186175,22.639229,1.5758872,0
iDR3.SPLUS-s26s32.019206,49.18343876753853,-33.67267023303689,0.3469112,0.5953193,2.4710836,"[-0.5297984,-1.3244959,-1.8542943,-2.3840926]",0.0,0.0,0.0,18.83546,0.7841149,21.20008,0.2653835,20.760975,0.277018,21.064014,0.57766855,99.0,20.354605,20.391394,0.31856537,21.697063,0.40635666,21.052027,0.7495935,23.943777,2.5773654,24.983576,22.947865,99.0,21.64573,99.0,21.615364,20.789764,0.38666046,99.0,21.080645,0
iDR3.SPLUS-s26s32.019441,49.18482442667115,-33.66610147124281,0.1147939,0.41646934,1.713706,"[-1.1133308,-2.783327,-3.896658,-5.009989]",0.0,0.0,0.0,18.64208,0.7705454,23.455564,2.1453805,99.0,21.004707,21.480814,0.86706054,99.0,20.354605,23.054602,3.741147,99.0,21.540142,20.823881,0.6251954,22.367632,0.6218934,22.249334,22.557716,23.7554,2.4628837,99.0,21.615364,23.564903,5.0801625,22.302038,1.3197534,0
iDR3.SPLUS-s26s32.019478,49.18219900475806,-33.665171342972826,0.23452647,0.69712055,3.3016431,"[,-4.87993,-12.199825,-17.079756,-21.959684]",5.7674093,1.0,0.0,18.15413,1.7585783,23.0308,2.9026935,20.090544,0.30381647,20.12958,0.4998164,21.749798,2.3581607,19.195103,0.21667178,22.194687,1.3141172,20.183146,0.68890256,21.448996,0.53359187,21.74776,21.552414,21.165882,0.45535275,99.0,21.615364,99.0,20.704803,22.107477,2.2080371,0
iDR3.SPLUS-s26s32.043216,49.18088715169616,-33.21974219166187,0.43690035,0.4219942,1.7300864,"[-0.00466437,-0.01166093,-0.0163253,-0.02098968]",3.4259338,1.0,0.0,18.315866,0.7662476,21.95456,0.6355493,21.755207,0.82361424,20.4562,0.39965194,21.362679,0.97434264,20.390894,0.3830826,99.0,21.540142,22.426882,3.1864831,22.1189,0.5808545,21.705624,22.027138,22.286234,0.74958634,27.066643,71.6431,99.0,20.704803,99.0,21.080645,0
iDR3.SPLUS-s26s32.043275,49.181686859646405,-33.220332634203096,0.034886222,0.4056489,1.682507,"[-0.12983833,-0.3245958,-0.45443413,-0.58427244]",0.0,0.0,0.0,18.6572,0.7524545,24.173456,4.859318,21.260654,0.5216022,20.756437,0.52265567,20.758728,0.558067,20.83249,0.5703904,99.0,21.540142,22.0026,2.1480856,22.510477,0.8282375,22.454237,22.491499,21.824976,0.48881632,22.774689,1.3706704,22.587656,2.4270575,22.222063,1.4397471,0
iDR3.SPLUS-s26s32.043328,49.18104350814508,-33.22215708093646,0.024759423,0.51223755,2.0501783,"[,-2.434986,-6.0874653,-8.522451,-10.9574375]",6.7272134,1.0,0.0,18.110985,1.6132383,20.163092,0.23766638,19.947142,0.30338597,19.196285,0.24277878,20.342033,0.73837125,19.756134,0.41221914,99.0,21.540142,20.326756,0.89658475,22.867144,2.2407038,22.781162,22.315683,20.765167,0.3589331,21.736343,1.0278862,99.0,20.704803,21.36901,1.2806088,0
iDR3.SPLUS-s26s32.043598,49.18465984222996,-33.231882536293256,0.03599638,0.38904023,1.6367689,"[0.,0.,0.,0.]",4.777348,2.0,0.0,18.528095,1.0290807,99.0,21.322935,21.040926,0.58189124,21.34673,1.2235781,21.31654,1.2707692,22.267408,2.909742,21.795471,0.7305484,20.039875,0.48647407,21.783827,0.5811877,23.166128,22.927433,22.972359,1.9180639,23.332481,3.1363342,99.0,20.704803,99.0,21.080645,0
iDR3.SPLUS-s26s32.043630,49.18859367073402,-33.231512077233646,0.43714172,0.7768889,4.4820724,"[-0.91598207,-2.2899551,-3.2059371,-4.121919]",0.0,1.0,0.0,18.32666,1.1570182,22.43981,0.9637051,22.549698,1.658668,99.0,20.218988,20.848755,0.591669,21.4913,1.017851,99.0,21.540142,21.566828,1.4063572,22.852982,1.1075994,99.0,22.48518,99.0,21.64573,99.0,21.615364,20.399107,0.3178193,24.785564,14.886705,0
iDR3.SPLUS-s26s32.043652,49.18371807742432,-33.21801409343783,0.034010757,0.34438145,1.5252771,"[-0.4309883,-1.0774708,-1.5084591,-1.9394473]",4.6505146,2.0,0.0,18.483658,0.96760637,21.826614,0.48069665,99.0,21.004707,27.267776,177.13892,99.0,20.354605,21.280617,0.7340072,99.0,21.540142,99.0,20.105696,23.87097,2.4672635,23.399319,23.644434,22.818193,1.0373408,99.0,21.615364,99.0,20.704803,25.8742,35.425434,0
iDR3.SPLUS-s26s32.043695,49.39248370517526,-33.235695963100035,0.3473476,0.7622291,4.2057285,"[-1.5843018,-3.9607546,-5.5450563,-7.129358]",0.0,0.0,0.0,18.639225,1.3239194,99.0,21.322935,23.089125,2.4984875,21.741018,1.1524655,22.479794,2.287202,99.0,20.543228,99.0,21.540142,99.0,20.105696,23.02458,1.1284537,99.0,23.033276,99.0,21.64573,23.377998,2.0409892,99.0,20.704803,99.0,21.080645,0
iDR3.SPLUS-s26s32.043739,49.38862699281739,-33.2381697194809,0.34681335,0.7872653,4.700691,"[,-3.1448965,-7.8622413,-11.007137,-14.152034]",0.0,0.0,0.0,18.926027,1.4681079,99.0,21.322935,21.443893,0.67119795,99.0,20.218988,99.0,20.354605,21.106125,0.7529397,99.0,21.540142,99.0,20.105696,21.9986,0.5347143,22.339008,22.068007,22.309404,0.7871453,99.0,21.615364,21.529167,0.96290624,99.0,21.080645,0
iDR3.SPLUS-s26s32.043838,50.37394249052124,-33.224384971535066,0.34707054,0.019581378,1.0199724,"[0.,0.,0.,0.]",0.0,0.0,0.0,18.741032,0.5047237,99.0,21.322935,21.290333,0.4956939,23.37797,5.3389425,21.284752,0.7573891,21.348751,0.76726675,99.0,21.540142,20.559162,0.48270914,22.943348,1.056211,22.883612,22.772543,23.47434,1.9041975,99.0,21.615364,21.606821,0.8410425,22.72016,1.9430916,0
iDR3.SPLUS-s26s32.020493,49.1809090241935,-33.63725523398661,0.042144798,0.52080595,2.086837,"[-0.2418804,-0.604701,-0.8465814,-1.0884618]",6.330077,1.0,0.0,18.25714,1.5325896,20.64501,0.32271206,21.426538,1.02806,20.858015,0.96945125,19.709324,0.36007544,20.08163,0.48364815,99.0,21.540142,99.0,20.105696,21.70265,0.66884863,22.792393,22.183764,21.117899,0.43263236,21.647217,0.821689,99.0,20.704803,99.0,21.080645,0
iDR3.SPLUS-s26s32.020876,49.1830772748997,-33.62546580548493,0.42627084,0.051937163,1.0547824,"[0.,0.,0.,0.]",2.9146008,1.0,0.0,17.960073,0.51286095,22.429104,0.80437374,21.19948,0.40712512,99.0,20.218988,20.952229,0.54734993,99.0,20.543228,99.0,21.540142,99.0,20.105696,22.988533,1.0554441,99.0,27.710913,26.177174,21.965002,99.0,21.615364,99.0,20.704803,99.0,21.080645,0
iDR3.SPLUS-s26s32.044370,49.18364731539972,-33.252918478055626,0.052955557,0.6159941,2.6041265,"[-1.921985,-4.8049626,-6.726948,-8.648932]",0.0,0.0,0.0,18.697817,1.0693991,23.414625,1.850788,22.742119,1.5532061,21.966114,1.2117919,22.930481,3.13392,23.83225,6.8617964,99.0,21.540142,22.784164,3.3726425,23.034369,1.0264093,22.149256,22.867514,99.0,21.64573,23.245014,1.6168503,99.0,20.704803,99.0,21.080645,0
iDR3.SPLUS-s26s32.021066,49.18005516542523,-33.620089252837275,0.43053424,0.5210887,2.0880694,"[0.,0.,0.,0.]",0.0,1.0,0.0,18.121698,1.0016057,22.037243,0.7192434,20.833895,0.37241772,20.424038,0.4068603,23.333305,6.2353253,20.674864,0.5188233,99.0,21.540142,21.072206,0.9622967,22.156136,0.6299299,21.993761,22.263222,21.768944,0.488861,22.228786,0.8701267,20.817972,0.5006693,99.0,21.080645,0
iDR3.SPLUS-s26s32.044556,49.39547334719162,-33.25644513395491,0.36106062,0.42268372,1.7321527,"[-1.2566037,-3.141509,-4.398113,-5.6547165]",8.102048,1.0,0.0,17.99109,1.7828734,99.0,21.322935,99.0,21.004707,99.0,20.218988,19.988838,0.52465,99.0,20.543228,99.0,21.540142,21.000435,1.6350348,21.864689,0.87915635,22.221395,21.938356,99.0,21.64573,99.0,21.615364,99.0,20.704803,99.0,21.080645,0
iDR3.SPLUS-s26s32.021141,49.1802850902911,-33.61745064526263,0.43402815,0.2239055,1.2885029,"[-0.5697499,-1.4243747,-1.9941245,-2.5638742]",0.0,1.0,0.0,18.426966,0.7235427,21.141766,0.26352587,25.137756,16.027155,20.723047,0.44378495,99.0,20.354605,23.743494,7.1864557,24.004772,3.5405743,21.841322,1.6125832,22.919558,1.0512323,23.091433,23.242537,22.234865,0.62071764,99.0,21.615364,22.850426,2.6816847,99.0,21.080645,0
iDR3.SPLUS-s26s32.045796,50.804240361350274,-32.85375125855306,0.43542108,0.039904416,1.0415629,"[0.,0.,0.,0.]",0.0,1.0,0.0,18.265862,0.5093768,23.663046,2.4319396,21.91344,0.76027226,99.0,20.218988,99.0,20.354605,99.0,20.543228,27.19264,60.78781,24.370049,15.028086,22.75389,0.82539797,23.249775,22.76024,99.0,21.64573,99.0,21.615364,99.0,20.704803,99.0,21.080645,0
iDR3.SPLUS-s26s32.023604,49.181544955394685,-33.54255064536275,0.16822845,0.4241423,1.7365401,"[-0.35409525,-0.8852381,-1.2393333,-1.5934285]",0.0,0.0,0.0,18.617838,0.7736164,22.885462,1.0153234,99.0,21.004707,24.259169,8.871809,21.081219,0.5130342,22.306166,1.5007555,24.124065,3.090342,99.0,20.105696,22.356491,0.491122,22.057713,22.345947,22.578588,0.6662453,99.0,21.615364,25.156761,17.526339,99.0,21.080645,0
